<?xml version="1.0" encoding="UTF-8"?>
<beans xmlns="http://www.springframework.org/schema/beans"
	xmlns:mvc="http://www.springframework.org/schema/mvc"
	xmlns:context="http://www.springframework.org/schema/context"
	xmlns:xsi="http://www.w3.org/2001/XMLSchema-instance"
	xsi:schemaLocation="
http://www.springframework.org/schema/beans
http://www.springframework.org/schema/beans/spring-beans-3.0.xsd
http://www.springframework.org/schema/mvc
http://www.springframework.org/schema/mvc/spring-mvc.xsd
http://www.springframework.org/schema/context
http://www.springframework.org/schema/context/spring-context-3.0.xsd">
 
	<context:component-scan base-package="com.mini.Library" />
 
	<bean
		class="org.springframework.web.servlet.view.InternalResourceViewResolver">
		<property name="prefix">
			<value>/WEB-INF/views/</value>
		</property>
		<property name="suffix">
			<value>.jsp</value>
		</property>
	</bean>
	
	<mvc:resources mapping="/resources/**" location="/resources/"  
	cache-period="31556926"/>
	<mvc:annotation-driven />
	
	<!-- Spring connecting to MySQL database using com.mysql.jdbc.drivers -->
	<bean id="dataSource"
		class="org.springframework.jdbc.datasource.DriverManagerDataSource">
		<property name="driverClassName" value="com.mysql.jdbc.Driver" />
		<property name="url" value="jdbc:mysql://localhost:3306/library" />
		<property name="username" value="root" />
		<property name="password" value="" />
	</bean>
	
	<!-- Definition for bookJDBCTemplate bean -->
   <bean id = "bookJDBCTemplate" 
      class = "com.mini.Library.Book.BookJDBCTemplate">
      <property name = "dataSource" ref = "dataSource" />    
   </bean>
	
	<!-- Definition for userJDBCTemplate bean -->
   <bean id = "userJDBCTemplate" 
      class = "com.mini.Library.User.UserJDBCTemplate">
      <property name = "dataSource" ref = "dataSource" />    
   </bean>
	<!-- Definition for optionsJDBCTemplate bean -->
   <bean id = "optionsJDBCTemplate" 
      class = "com.mini.Library.Options.optionsJDBCTemplate">
      <property name = "dataSource" ref = "dataSource" />    
   </bean>
</beans>